[
  {
    "id": 1234,
    "name": "Person Name",
    "email": "me@aol.com",
    "phone": "555-555-5555",
    "type": "Personal",
    "street1": "12 some st"
  },
  {
    "id": 1235,
    "name": "Company Name",
    "firstName": "Company",
    "lastName":"Name",
    "email": "info@company.com",
    "phone": "555-555-5555",
    "type": "Company",
    "companyOffices": [
      {
        "street1": "13 some st",
        "street2": "",
        "city": "Springfield",
        "state": "PA",
        "zipCode": "12345"
      }
    ]
  },
  {
    "id": 1236,
    "name": "Bob Johnson",
    "email": "me@aol.com",
    "phone": "555-555-5555",
    "type": "Personal"
  },
  {
    "id": 1237,
    "name": "Company Two",
    "email": "info@company.com",
    "phone": "555-555-5555",
    "type": "Company"
  },
  {
    "id": 1238,
    "name": "John Smith",
    "email": "me@aol.com",
    "phone": "555-555-5555",
    "type": "Personal"
  },
  {
    "id": 1239,
    "name": "Big Company",
    "email": "info@company.com",
    "phone": "555-555-5555",
    "type": "Company"
  }
]
