{
  "id": "1234",
  "agentId": "4321",
  "clientContactsId": "4324",
  "lastPurchaseDate": "10/12/2001",
  "firstName": "John",
  "lastName": "Smith",
  "salutation": "Mr.",
  "suffix": "Dr.",
  "email": "jhgf@kjhhj.com",
  "phone": "222-222-2222",
  "fax": "555-555-5555",
  "creditScore": "720",
  "creditScoreDate": "10/10/2017",
  "ssno": "123-33-1234",
  "deactivated": "false",
  "personAddresses": [
    {
      "street1": "123 Any street",
      "street2": "",
      "city": "Holland",
      "state": "PA",
      "zipCode": "18966",
      "fromDate": "12/1/2000",
      "toDate": "1/1/2018"
    }],
  "agents": "",
  "companyOffices": ""
}
