{"divMap":[
{"control": "applicantName", "pageNum": 1},
{"control": "applicantPhone", "pageNum": 1},
{"control": "applicantEmail", "pageNum": 1},
{"control": "applicantSSNum", "pageNum": 1},
{"control": "isGuiltyOfBreach", "pageNum": 1},
{"control": "isGuiltyOfCrime", "pageNum": 1},
{"control": "isJudgment", "pageNum": 1},
{"control": "isBankruptcy", "pageNum": 1},
{"control": "isPriorBondOrSuccessor", "pageNum": 1},
{"control": "isInterestedParty", "pageNum": 1},
{"control": "isObjectionToAppointment", "pageNum": 1},
{"control": "isIndebtedToSubject", "pageNum": 1},
{"control": "isKnowledgeOfGrounds", "pageNum": 1},
{"control": "isCreditCheckAuthorized", "pageNum": 1},
{"control": "creditCheckSignature", "pageNum": 1},
{"control": "creditCheckEmail", "pageNum": 1},
{"control": "isServiceProvided", "pageNum": 2},
{"control": "hasAttorney", "pageNum": 2},
{"control": "attorneyInvolved", "pageNum": 2},
{"control": "attorneyName", "pageNum": 2},
{"control": "attorneyPhone", "pageNum": 2},
{"control": "attorneyAddress", "pageNum": 2},
{"control": "isOngoingBusiness", "pageNum": 2},
{"control": "isNonRenewed", "pageNum": 2},
{"control": "occupation", "pageNum": 2},
{"control": "annualIncome", "pageNum": 2},
{"control": "maritalStatus", "pageNum": 2},
{"control": "appointmentDate", "pageNum": 2},
{"control": "futureAppointmentWillNotify", "pageNum": 2},
{"control": "formControlName", "pageNum": 2},
{"control": "appointmentType", "pageNum": 2},
{"control": "bondPurpose", "pageNum": 2},
{"control": "fiduciaryType", "pageNum": 2, "hack": "yes"},
{"control": "court", "pageNum": 2, "hack": "yes"},
{"control": "deceasedInfo", "pageNum": 2, "hack": "yes"},
{"control": "isSpecialBondForm", "pageNum": 3},
{"control": "specialBondFile", "pageNum": 3},
{"control": "isUploadCourtOrder", "pageNum": 3},
{"control": "courtOrderFile", "pageNum": 3},
{"control": "isWill", "pageNum": 3},
{"control": "isWillContested", "pageNum": 3},
{"control": "isPrincipalBeneficiary", "pageNum": 3},
{"control": "isOtherBeneficiaries", "pageNum": 3},
{"control": "name", "pageNum": 3},
{"control": "age", "pageNum": 3},
{"control": "relationship", "pageNum": 3},
{"control": "estateCash", "pageNum": 3},
{"control": "estateRealEstate", "pageNum": 3},
{"control": "estateSecurities", "pageNum": 3},
{"control": "estateMisc", "pageNum": 3},
{"control": "bankName", "pageNum": 3},
{"control": "bankAddress", "pageNum": 3},
{"control": "banks", "pageNum": 3, "hack": "yes"},
{"control": "deliveryMethod", "pageNum": 3, "hack": "yes"},
{"control": "paymentMethod", "pageNum": 3, "hack": "yes"}
]}
